{"cameraMode":{"drawMode":0,"name":"Shaded","section":"Shading Mode"},"sceneLighting":true,"audioPlay":false,"sceneViewState":{"m_AlwaysRefresh":false,"showFog":true,"showSkybox":true,"showFlares":true,"showImageEffects":true,"showParticleSystems":true,"showVisualEffectGraphs":true,"m_FxEnabled":true},"in2DMode":false,"pivot":{"x":-3.390148639678955,"y":16.669288635253908,"z":-148.2986602783203},"rotation":{"x":0.1653408706188202,"y":-0.03224681690335274,"z":-0.005423768889158964,"w":-0.9857029914855957},"size":0.18182359635829926,"orthographic":false}